tier,score,name,ein,city,zip,metro_atlanta,focus,ntee,irs_status,form,fy,total_assets,total_revenue,grants_paid,loans_receivable,program_related_investments,why_shortlisted,suggested_segment,suggested_org_type,website,mission,approve
1,9,World Outreach Fund,95-3849002,Atlanta,31145,yes,Housing,L210,Public charity: publicly supported 170(b)(1)(A)(vi),990,2021,42560193,4841625,2375764,31715406,0,Housing; large assets; lending/PRI activity; grantmaker,Capital Aggregator,Loan or Private Investment Fund,N/A,"TO PROVIDE THE ELDERLY AND HANDICAPPED PERSONS OR LOW INCOME FAMILIES WITH HOUSING FACILITIES AND SERVICES DESINGED TO MEET PHYSICAL, SOCIAL, AND PSYCHOLOGICAL NEEDS AND TO PROMOTE THEIR HEALTH, SECURITY, AND HAPPINESS. ",
1,8,Housing Economic Reinvestment Opportunities Inc,26-4311505,Macon,31201,no,Housing,L20,Public charity: publicly supported 170(b)(1)(A)(vi),990,2021,21751441,5680420,0,0,0,Housing; lending/PRI activity; outside metro Atlanta,Capital Aggregator,Loan or Private Investment Fund,N/A,The entity's purpose is to provide housing and economic opportunities for low and very-low income people and families.,
1,8,Golden Harvest Food Bank Inc,58-1466516,Augusta,30909,no,Food & Agriculture,K31Z,Public charity: publicly supported 170(b)(1)(A)(vi),990,2020,21730028,42603313,24988411,0,0,Food & Agriculture; grantmaker; outside metro Atlanta,Capital Allocator,DAF or Charitable Fund,WWW. GOLDENHARVEST.ORG,"GOLDEN HARVEST FOOD BANK, INC.'S MISSION IS ""FEEDING LIVES TOGETHER.""",
1,8,Second Harvest Of South Georgia Inc,58-2208545,Valdosta,31601,no,Food & Agriculture,K31,Public charity: publicly supported 170(b)(1)(A)(vi),990,2021,19828071,36132665,29509903,0,0,Food & Agriculture; grantmaker; outside metro Atlanta,Capital Allocator,DAF or Charitable Fund,WWW.FEEDINGSGA.ORG,TO PROVIDE FOOD FOR THE NEEDY PEOPLE IN SOUTH GEORGIA.,
1,8,Broadway Towers Inc,58-1354973,Atlanta,31145,yes,Housing,L21Z,Public charity: program-service supported 509(a)(2),990,2021,17531706,3119210,1740000,0,10918000,Housing; lending/PRI activity; grantmaker,Capital Aggregator,Loan or Private Investment Fund,N/A,MANAGEMENT OF 3 APARTMENT COMPLEXES FOR THE BENEFIT OF ELDERLY AND HANDICAPPED RESIDENTS.,
1,8,Food Bank Of Northeast Georgia Inc,58-1938066,Athens,30607,no,Food & Agriculture,K31Z,Public charity: publicly supported 170(b)(1)(A)(vi),990,2021,15574908,23249969,0,5078250,0,Food & Agriculture; lending/PRI activity; outside metro Atlanta,Capital Aggregator,Loan or Private Investment Fund,WWW.FOODBANKNEGA.ORG,"WE ARE A NETWORK OF FRIENDS WORKING TO FEED THE ILL, NEEDY, SENIORS, AND CHILDREN OF NORTHEAST GEORGIA. OUR MISSION IS TO WORK TOWARD ENDING HUNGER AS PART OF AN OVERALL COMMUNITY EFFORT TO ALLEVIATE POVERTY.",
1,8,Council Services Inc,58-2639826,Americus,31709,no,Food & Agriculture,K30,Public charity: program-service supported 509(a)(2),990,2021,11942180,9376326,0,5220916,0,Food & Agriculture; lending/PRI activity; outside metro Atlanta,Capital Aggregator,Loan or Private Investment Fund,,TITLE III OLDER AMERICANS ACT,
1,8,Augusta Affordable Housingcorporation,20-4552515,Augusta,30901,no,Housing,L21,Public charity: publicly supported 170(b)(1)(A)(vi),990,2021,11838255,733128,0,4912009,0,Housing; lending/PRI activity; outside metro Atlanta,Capital Aggregator,Loan or Private Investment Fund,N/A,"TO PROVIDE SAFE, AFFORDABLE AND DECENT HOUSING TO PERSONS OF LOW TO MODERATE INCOME",
1,8,Rebuild America Inc,46-0711021,Bishop,30621,no,Housing,L21,Public charity: program-service supported 509(a)(2),990,2021,6086042,788717,0,991349,510288,Housing; lending/PRI activity; outside metro Atlanta,Capital Aggregator,Loan or Private Investment Fund,N/A,THE ORGANIZATION'S PRIMARY MISSION IS TO PROVIDE QUALITY SAFE AFFORDABLE HOUSING FOR ELIGIBLE LOW-INCOME INDIVIDUALS AND FAMILIES.,
1,7,George West Mental Health Foundation Inc,58-1489941,Brookhaven,30329,yes,Health (mental/crisis),F33,Public charity: program-service supported 509(a)(2),990,2021,80821604,27350526,2545228,0,0,Health (mental/crisis); large assets; grantmaker,Capital Allocator,DAF or Charitable Fund,WWW.SKYLANDTRAIL.ORG,"SKYLAND TRAIL INSPIRES PEOPLE WITH MENTAL ILLNESS TO THRIVE THROUGH A HOLISTIC PROGRAM OF EVIDENCE-BASED PSYCHIATRIC TREATMENT, INTEGRATED MEDICAL CARE, RESEARCH, AND EDUCATION.",
1,7,Americas Second Harvest Of Coastal Georgia Inc,58-1442013,Savannah,31405,no,Food & Agriculture,K31Z,Public charity: publicly supported 170(b)(1)(A)(vi),990,2021,29043822,21288824,0,0,0,Food & Agriculture; large assets; outside metro Atlanta,Capital Seeker,Nonprofit (Community Dev. or Social Services),HELPENDHUNGER.ORG,UTILIZING FOOD AND EDUCATION TO IMPROVE LIVES AND CREATE A HUNGER-FREE COMMUNITY.,
1,7,Global Teen Challenge Inc,59-3302759,Columbus,31901,no,Health (mental/crisis),F22Z,Public charity: publicly supported 170(b)(1)(A)(vi),990,2020,3923905,6812415,3114785,106917,0,Health (mental/crisis); grantmaker; outside metro Atlanta,Capital Allocator,DAF or Charitable Fund,WWW.GLOBALTC.ORG,"TO RECEIVE AND ADMINISTER FUNDS AND OPERATE EXCLUSIVELY FOR RELIGIOUS, CHARITABLE, SCIENTIFIC, LITERARY, AND EDUCATIONAL PURPOSES. AMONG THESE PURPOSES IS PIONEERING NEW TEEN CHALLENGE CENTERS THROUGHOUT THE WORLD TO PRO",
1,7,Georgia Mountain Food Bank Inc,26-2787610,Gainesville,30507,no,Food & Agriculture,K31,Public charity: publicly supported 170(b)(1)(A)(vi),990,2021,3687174,8678938,6126588,0,0,Food & Agriculture; grantmaker; outside metro Atlanta,Capital Allocator,DAF or Charitable Fund,WWW.GAMOUNTAINFOODBANK.ORG,"THROUGH A NETWORK OF COMMUNITY PARTNERS, THE GEORGIA MOUNTAIN FOOD BANK ADDRESSES HUNGER, HEALTH, AND QUALITY OF LIFE BY SERVING THOSE IN NEED.",
1,7,Habitat For Humanity International Inc,58-1674696,Macon,31204,no,Housing,L20Z,Public charity: publicly supported 170(b)(1)(A)(vi),990,2021,3260038,1129125,0,2126945,0,Housing; lending/PRI activity; outside metro Atlanta,Capital Aggregator,Loan or Private Investment Fund,WWW.MACONHABITAT.ORG,"SEEKING TO PUT GOD'S LOVE INTO ACTION, HABITAT FOR HUMANITY BRINGS PEOPLE TOGETHER TO BUILD HOMES, COMMUNITIES AND HOPE TO REALIZE OUR VISION OF A WORLD WHERE EVERYONE HAS A DECENT PLACE TO LIVE. MACON AREA HABITAT FOR H",
1,7,Habitat For Humanity International Inc,58-2244226,Greensboro,30642,no,Housing,L202,Public charity: publicly supported 170(b)(1)(A)(vi),990,2021,2953384,2239825,0,0,1204603,Housing; lending/PRI activity; outside metro Atlanta,Capital Aggregator,Loan or Private Investment Fund,GREENECOUNTYHABITAT.COM,"A NON-DEMONINATIONAL CHRISTIAN MINISTRY WORKING IN PARTNERSHIP WITH ITS COMMUNITY AND FUTURE HOMEOWNERS, TO PROVIDE DECENT, AFFORDABLE, AND SAFE HOUSING FOR THOSE IN NEED. WE BELIEVE THAT NOT ONLY IS FAMILY STRENGTH SUPP",
1,7,Chattahoochee Fuller Center Projectinc,20-8263049,West Point,31833,no,Housing,L20,Public charity: program-service supported 509(a)(2),990,2021,2944051,397622,0,1202524,0,Housing; lending/PRI activity; outside metro Atlanta,Capital Aggregator,Loan or Private Investment Fund,N/A,TO BUILD HOUSES FOR UNDERPRIVILEDGE INDIVIDUALS,
1,7,Gainesville Nonprofit Development Foundation Inc,58-1098001,Gainesville,30503,no,Housing,L25Z,Public charity: program-service supported 509(a)(2),990,2021,2158190,405519,0,411486,156777,Housing; lending/PRI activity; outside metro Atlanta,Capital Aggregator,Loan or Private Investment Fund,N/A,"TO ELIMINATE SLUMS, COMBAT COMMUNITY DETERIORATION, SECURE ADEQUATE HOUSING, PURCHASE AND/OR DEVELOP LAND, AND IMPROVE LIVING CONDITIONS IN THE CITY OF GAINESVILLE, GEORGIA AND ENGAGE IN ALL LAWFUL ACTIVITIES DIRECTLY OR",
1,7,Share Credit Corp,58-2240168,St Simons Is,31522,no,Housing,L82,Public charity: publicly supported 170(b)(1)(A)(vi),990,2021,1942550,101176,0,1217818,0,Housing; lending/PRI activity; outside metro Atlanta,Capital Aggregator,Loan or Private Investment Fund,,"TO PROVIDE A SYSTEM OF SHARE LOAN FINANCING FOR LOW INCOME COOPERATIVE HOUSING MEMBERS, AND TO PROVIDE INVESTMENT OPPORTUNITIES FOR PARTICIPATING NON PROFIT HOUSING COOPERATIVES.",
1,7,Fuller Center For Housing Inc,52-2455871,Americus,31719,no,Housing,L20,Public charity: publicly supported 170(b)(1)(A)(vi),990,2020,1176072,3330525,2238215,0,0,Housing; grantmaker; outside metro Atlanta,Capital Allocator,DAF or Charitable Fund,www.fullercenter.org,"THE FULLER CENTER FOR HOUSING IS DEDICATED TO THE CONSTRUCTION OF SIMPLE, DECENT HOUSES IN A QUEST TO ELIMINATE POVERTY HOUSING. WE DO THIS BY ESTABLISHING LOCAL, INDEPENDENT NONPROFIT CORPORATIONS AND NGOs IN CITIES ACR",
1,7,Fuller Center Disaster Rebuilders Inc,26-3704583,Americus,31719,no,Housing,L20,Public charity: program-service supported 509(a)(2),990,2021,968785,3300973,1306027,442330,0,Housing; grantmaker; outside metro Atlanta,Capital Allocator,DAF or Charitable Fund,www.fullercenter.org/disaster-rebuilders,"In partnership, after a major disaster, to rebuild the homes of uninsured, low-income homeowners who lack the wherewithal to complete the rebuild themselves. The mission is accomplished using volunteer labor under the su",
1,7,Georgia Resources For Children Inc,20-0066995,Chatsworth,30705,no,Food & Agriculture,K123,Public charity: publicly supported 170(b)(1)(A)(vi),990,2021,92639,2200792,1858885,0,0,Food & Agriculture; grantmaker; outside metro Atlanta,Capital Allocator,DAF or Charitable Fund,,THE ORGANIZATION PROVIDES A CHILD ADULT CARE FOOD PROGRAM.,
2,6,The Arthur M Blank Family Foundation,38-3983213,Atlanta,30327,yes,Philanthropy / Grantmaking,T22,Private non-operating foundation,990-PF,2022,350993140,105332175,0,0,0,large assets; grantmaker,Capital Allocator,Foundation (Private),,,
2,6,Georgia Federal-State Shipping Point Inspection Service Inc,58-6001158,Albany,31708,no,Food & Agriculture,K200,Public safety testing organization 509(a)(4),990,2021,23696147,20421637,0,0,0,Food & Agriculture; outside metro Atlanta,Capital Seeker,Nonprofit (Community Dev. or Social Services),WWW.GAFSIS.COM,"GA FSIS PERFORMS VOLUNTARY AND/OR COMPULSORY INSPECTIONS OF PRODUCTS GROWN AND/OR MARKETED IN THE STATE OF GEORGIA, AS WELL AS TRADED IN THE INTERSTATE COMMERCE ARENA. THE ORGANIZATION ALSO INSPECTS PRODUCTS THAT ARE IMP",
2,6,Beverly J Searles Foundation,26-0823326,Marietta,30066,yes,Food & Agriculture,K36,Public charity: program-service supported 509(a)(2),990,2021,17035487,5670761,14451,0,1000000,Food & Agriculture; lending/PRI activity,Capital Aggregator,Loan or Private Investment Fund,N/A,THE ORGANIZATION'S PRIMARY MISSION IS TO PROVIDE QUALITY SAFE AFFORDABLE HOUSING AND SUPPORT SERVICES FOR ELIGIBLE LOW-INCOME SENIORS AND DISABLED PERSONS.,
2,6,Georgia Agricultural Land Trust Inc,20-1207204,Bremen,30110,yes,Food & Agriculture,K25,Public charity: publicly supported 170(b)(1)(A)(vi),990,2021,16870351,3968,0,0,16771240,Food & Agriculture; lending/PRI activity,Capital Aggregator,Loan or Private Investment Fund,,"EDUCATE PUBLIC ON FARM CONSERVATION, HOLD EASEMENTS",
2,6,Feeding The Valley Inc,58-1498131,Midland,31820,no,Food & Agriculture,K310,Public charity: program-service supported 509(a)(2),990,2021,16476575,22370565,0,0,0,Food & Agriculture; outside metro Atlanta,Capital Seeker,Nonprofit (Community Dev. or Social Services),https://feedingthevalley.org,Food distribution to the needy. The food bank distributes food to qualified organizations that feed the needy.,
2,6,American Cancer Society,46-5429467,Atlanta,30303,yes,Housing,L20,Public charity: publicly supported 170(b)(1)(A)(vi),990,2021,15594753,175318,0,14518520,0,Housing; lending/PRI activity,Capital Aggregator,Loan or Private Investment Fund,WWW.CANCER.ORG,TO SUPPORT THE MISSION AND OPERATIONS OF THE AMERICAN CANCER SOCIETY INC. THROUGH CAPITAL INVESTMENTS AND LENDING ACTIVITIES.,
2,6,East Lake Housing Corporation,58-2248791,Atlanta,30326,yes,Housing,L20,Public charity: program-service supported 509(a)(2),990,2021,15383590,454495,0,14481535,0,Housing; lending/PRI activity,Capital Aggregator,Loan or Private Investment Fund,N/A,REVITALIZE ATLANTA'S LOW-INCOME EAST LAKE COMMUNITY.,
2,6,Pastoral Institute Foundation,88-2574441,Columbus,31901,no,Health (mental/crisis),F11,Public charity: publicly supported 170(b)(1)(A)(vi),990,2024,14800000,987100,0,0,0,Health (mental/crisis); outside metro Atlanta,Capital Seeker,Nonprofit (Community Dev. or Social Services),,,
2,6,Rhg-Afforable Housing Ii Inc,58-2392012,Atlanta,30339,yes,Housing,L21,Public charity: program-service supported 509(a)(2),990,2021,13550062,7175901,0,0,16261,Housing; lending/PRI activity,Capital Aggregator,Loan or Private Investment Fund,N/A,"TO DEVELOP, OWN, AND OPERATE LOW-INCOME HOUSING FACILITIES; AND TO PERFORM ALL OTHER ACTS NECESSARY OR INCIDENTAL TO THE ABOVE.",
2,6,South Atlantic Housing Of Brevard Inc,59-2455812,Duluth,30096,yes,Housing,L210,Public charity: program-service supported 509(a)(2),990,2021,11093935,708729,600000,0,11021798,Housing; lending/PRI activity,Capital Aggregator,Loan or Private Investment Fund,N/A,"TO PROVIDE AFFORDABLE RENTAL HOUSING FOR THE ELDERLY AND OTHER CHARITABLE, EDUCATIONAL, RELIGIOUS, OR SCIENTIFIC PURPOSES ALLOWED UNDER SECTION 501(C)(3) OF THE INTERNAL REVENUE CODE OF 1986, AS AMENDED.",
2,6,Goodwill Works Foundation Inc,26-2741240,Macon,31206,no,Employment & Workforce,J32,Public charity: publicly supported 170(b)(1)(A)(vi),990,2021,10968975,1295896,2661282,0,0,grantmaker; outside metro Atlanta,Capital Allocator,DAF or Charitable Fund,GOODWILLWORKS.ORG,"THE ORGANIZATION WAS FORMED TO SUPPORT THE MISSION OF GOODWILL INDUSTRIES OF MIDDLE GEORGIA, INC. (GIMG), TO HOLD AND ACQUIRE CAPITAL RESOURCES SUCH AS REAL ESTATE FOR GIMG; TO LEAD ANNUAL CAMPAIGNS; TO ASSIST INDIVIDUAL",
2,6,Eagle Ranch Inc,58-1497408,Flowery Br,30542,no,Health (mental/crisis),F330,Public charity: publicly supported 170(b)(1)(A)(vi),990,2021,10349544,13429536,0,0,0,Health (mental/crisis); outside metro Atlanta,Capital Seeker,Nonprofit (Community Dev. or Social Services),WWW.EAGLERANCH.ORG,"EAGLE RANCH HELPS MAKE LIFE BETTER FOR CHILDREN AND THEIR FAMILIES, POSITIVELY IMPACTING COMMUNITIES FOR THE GLORY OF GOD.",
2,6,Affordable Business Solutions Inc,83-1159645,Macon,31217,no,Health (mental/crisis),F60,Public charity: publicly supported 170(b)(1)(A)(vi),990,2021,8126960,20420375,0,0,0,Health (mental/crisis); outside metro Atlanta,Capital Seeker,Nonprofit (Community Dev. or Social Services),,"UTILIZE RESOURCES WHICH MAY BE RAISED IN PART FROM THE GENERAL PUBLIC TO BE USED TO SUPPORT THE DELIVERY OF PUBLIC MENTAL HEALTH, ADDICTION RECOVERY AND DEVELOPMENTAL DISABILITY SERVICES THROUGH REBHCSB. THROUGH ITS FUND",
2,6,Savannah Community Builders Inc,87-0689644,Savannah,31401,no,Housing,L21,Public charity: publicly supported 170(b)(1)(A)(vi),990,2024,8000000,2000000,0,0,0,Housing; outside metro Atlanta,Capital Seeker,Nonprofit (Community Dev. or Social Services),,,
2,6,Mbcahf,92-0627938,Macon,31208,no,Housing,L99,Public charity: publicly supported 170(b)(1)(A)(vi),990,2024,7900000,636500,0,0,0,Housing; outside metro Atlanta,Capital Seeker,Nonprofit (Community Dev. or Social Services),,,
2,6,Affordable Housing Solutions Inc,58-1918805,Decatur,30030,yes,Housing,L20Z,Public charity: publicly supported 170(b)(1)(A)(vi),990,2021,7800656,1694518,0,5585500,0,Housing; lending/PRI activity,Capital Aggregator,Loan or Private Investment Fund,AHSHOME.ORG,"THE ORGANIZATION COORDINATES LOW INCOME HOUSING DEVELOPMENT, INVESTMENT AND SUPPORTIVE SERVICES",
2,6,Andp Development Fund Inc,86-3231183,Atlanta,30303,yes,Housing,L80,Public charity: publicly supported 170(b)(1)(A)(vi),990,2021,7602951,7607386,4435,0,0,Housing; lending/PRI activity,Capital Aggregator,Loan or Private Investment Fund,WWW.ANDPI.ORG,"TO PROVIDE ECONOMIC AND NONECONOMIC SUPPORT TO ATLANTA NEIGHBORHOOD DEVELOPMENT PARTNERSHIP, INC. (ANDP) IN FURTHERANCE OF ANDP'S MISSION, BY (I) PROVIDING LOANS OR GRANTS TO INDIVIDUALS AND ORGANIZATIONS TO SUPPORT ANDP",
2,6,Bank Of America Charitable Foundation Inc,20-0721133,,,no,Philanthropy / Grantmaking,T20,,990-PF,2023,7556845,220225056,0,0,0,grantmaker; outside metro Atlanta,Capital Allocator,Foundation (Private),,,
2,6,Grady Housing Inc,83-1544970,Cairo,39828,no,Housing,L99,Public charity: publicly supported 170(b)(1)(A)(vi),990,2021,7137214,812674,0,0,0,Housing; outside metro Atlanta,Capital Seeker,Nonprofit (Community Dev. or Social Services),,PROVIDE LOW RENT AFFORDABLE HOUSING,
2,6,Gainesville Housing Corporation,27-2070017,Gainesville,30501,no,Housing,L99,Public charity: program-service supported 509(a)(2),990,2020,6867134,1724930,0,0,0,Housing; outside metro Atlanta,Capital Seeker,Nonprofit (Community Dev. or Social Services),N/A,"TO PROVIDE LOW AND MODERATE INCOME EARNING CITIZENS OF HALL COUNTY WITH AFFORDABLE HOUSING ALTERNATIVES AND TO FURTHER THESE OBJECTIVES BY SOLICITING FINANCIAL SUPPORT FROM INTERESTED INDIVIDUALS, BUSINESSES AND PUBLIC &",
2,6,Housing Development Corporation Of Macon And Taylor County,58-2346467,Montezuma,31063,no,Housing,L20,Public charity: program-service supported 509(a)(2),990,2021,5192965,410166,0,0,0,Housing; outside metro Atlanta,Capital Seeker,Nonprofit (Community Dev. or Social Services),N/A,"Provide housing for low to moderate income individuals residing in Macon County & Taylor County, Georgia and to provide for opportunities for economic independence from poverty.",
2,5,Social Housing,47-3581724,Atlanta,30339,yes,Housing,L20,Public charity: program-service supported 509(a)(2),990,2024,87800000,6900000,0,0,0,Housing; large assets,Capital Seeker,Nonprofit (Community Dev. or Social Services),,,
2,5,Goodwill Industries Of Middle Georgia Inc,58-1249683,Macon,31206,no,Employment & Workforce,J32Z,Public charity: publicly supported 170(b)(1)(A)(vi),990,2021,45866636,50420104,527756,0,0,large assets; outside metro Atlanta,Capital Seeker,Nonprofit (Community Dev. or Social Services),WWW.GOODWILLWORKS.ORG,"THE ORGANIZATION'S MISSION IS TO BUILD LIVES, FAMILIES AND COMMUNITIES ONE CAREER AT A TIME BY HELPING PEOPLE DEVELOP THEIR GOD-GIVEN GIFTS THROUGH EDUCATION, WORK AND CAREER DEVELOPMENT SERVICES. GOODWILL STRIVES TO END",
2,5,Wellstar Foundation Inc,58-1627413,Marietta,30062,yes,Philanthropy / Grantmaking,T30,Public charity: publicly supported 170(b)(1)(A)(vi),990,2021,42111336,14916009,1744344,0,0,large assets; grantmaker,Capital Allocator,DAF or Charitable Fund,www.wellstar.org,SEE SCHEDULE O,
2,5,Goodwill Industries Of The Southern Rivers Inc,58-6035822,Columbus,31906,no,Employment & Workforce,J320,Public charity: publicly supported 170(b)(1)(A)(vi),990,2021,35574289,32786540,0,0,0,large assets; outside metro Atlanta,Capital Seeker,Nonprofit (Community Dev. or Social Services),WWW.GOODWILLSR.ORG,"SINCE 2006, GOODWILL OF THE SOUTHERN RIVERS (GOODWILLSR) HAS INTENSELY FOCUSED ON EXPANDING ITS MISSION TO SERVE MORE PEOPLE IN MORE COMMUNITIES. WHEN WE BEGAN THIS JOURNEY, WE PROVIDED SERVICES IN FOUR FACILITIES IN COL",
2,5,Early Learning Property Management Inc,58-2491036,Atlanta,30327,yes,Housing,L11,Public charity: publicly supported 170(b)(1)(A)(vi),990,2021,26441881,2751537,15000,0,0,Housing; large assets,Capital Seeker,Nonprofit (Community Dev. or Social Services),WWW.ELPM.ORG,"TO BUILD EARLY LEARNING CENTERS, PRIMARILY IN DISADVANTAGED NEIGHBORHOODS, THAT PROVIDE HIGH QUALITY EDUCATION AND NURTURING PROGRAMS FOR CHILDREN IN NEED FROM BIRTH THROUGH FIVE YEARS OF AGE.",
2,5,Central Savannah River Land Trust Inc,58-2632350,Evans,30809,no,,C34,Public charity: publicly supported 170(b)(1)(A)(vi),990,2021,5397000,207493,0,0,511569,lending/PRI activity; outside metro Atlanta,Capital Aggregator,Loan or Private Investment Fund,WWW.CSRLT.ORG,TO PROTECT ENVIRONMENTALLY SENSITIVE LAND THROUGHOUT THE CENTRAL SAVANNAH RIVER BASIN THROUGH THE USE OF PERMANENT CONSERVATION EASEMENTS AND LAND ACQUISITIONS. ALSO TO EDUCATE THE PUBLIC ON CONSERVATION RELATED TOPICS.,
2,5,Federation Of Southern Cooperatives Land Assistance Fund,58-1026695,Atlanta,30344,yes,Food & Agriculture,K21Z,Public charity: program-service supported 509(a)(2),990,2020,4632409,5512770,0,0,858500,Food & Agriculture; lending/PRI activity,Capital Aggregator,Loan or Private Investment Fund,www.federationcoop.com,"TO BE A CATALYST FOR THE DEVELOPMENT OF SELF SUPPORTING COMMUNITIES THROUGH COOPERATIVE DEVELOPMENT, LAND RETENTION, AND OTHER INITIATIVES THAT INCREASE INCOME.",
2,5,Bethursday Development Corporation,58-2122958,Atlanta,30318,yes,Housing,L25,Public charity: publicly supported 170(b)(1)(A)(vi),990,2021,1944258,155454,0,0,1932684,Housing; lending/PRI activity,Capital Aggregator,CDFI or Credit Union,,NEIGHBORHOOD REDEVELOPMENT,
2,5,Georgia Nutritional Services Inc,31-1483379,Conyers,30094,yes,Food & Agriculture,K30Z,Public charity: program-service supported 509(a)(2),990,2021,1937055,7599680,6476039,0,0,Food & Agriculture; grantmaker,Capital Allocator,DAF or Charitable Fund,,FOOD REIMBURSEMENT FOR DAYCARE HOMES AND CENTERS THROUGH USDA,
2,5,Uptown Columbus Inc,58-1521594,Columbus,31902,no,Community & Economic Development,S31Z,Public charity: publicly supported 170(b)(1)(A)(vi),990,2021,1827665,1171389,0,0,104445,lending/PRI activity; outside metro Atlanta,Capital Aggregator,Loan or Private Investment Fund,,DOWNTOWN REVITALIZATION,
2,5,Eduhousing Communities Corporation,81-2564706,Marietta,30066,yes,Housing,L22,Public charity: program-service supported 509(a)(2),990,2021,1271444,-3692,0,1300000,0,Housing; lending/PRI activity,Capital Aggregator,Loan or Private Investment Fund,WWW.EDUHOUSING.ORG,TO PROVIDE AN EDUCATION MODEL WITH A WORKFORCE HOUSING SOLUTION IN LOW- INCOME NEIGHBORHOODS WITH LOW-PERFORMING SCHOOLS.,
2,5,Second Helpings Atlanta Inc,45-3631347,Atlanta,30318,yes,Food & Agriculture,K30,Public charity: publicly supported 170(b)(1)(A)(vi),990,2021,1164616,7933266,6967081,0,0,Food & Agriculture; grantmaker,Capital Allocator,DAF or Charitable Fund,SECONDHELPINGSATLANTA.ORG,SECOND HELPINGS ATLANTA IS A NON-PROFIT FOOD RESCUE ORGANIZATION WHOSE MISSION IS TO REDUCE HUNGER AND FOOD WASTE IN THE METRO ATLANTA AREA BY RESCUING SURPLUS FOOD AND DELIVERING IT TO THOSE IN NEED.,
2,5,Mission Specialties Inc,58-2019081,Acworth,30101,yes,Health (mental/crisis),F60,Public charity: publicly supported 170(b)(1)(A)(vi),990,2020,1143277,129188,6215,0,400000,Health (mental/crisis); lending/PRI activity,Capital Aggregator,Loan or Private Investment Fund,,"Mission Specialties is dedicated to opening doors of opportunity of service. Significant activities include providing counseling, career guidance and critical incident interventions for child protection workers, missiona",
2,5,Bethel Towers Inc,01-0888847,Atlanta,30303,yes,Housing,L20,Public charity: program-service supported 509(a)(2),990,2021,391856,108891,5000,0,222086,Housing; lending/PRI activity,Capital Aggregator,Loan or Private Investment Fund,,"A non-profit organization formed to manage and operate the commercial units of the apartment community known as Big Bethel Towers Apartments located in Atlanta, Georgia.",
2,5,Mount Zion Community Reinvestment Corporation,58-2570480,Albany,31708,no,Community & Economic Development,S31,Public charity: publicly supported 170(b)(1)(A)(vi),990,2022,146757,312244,0,0,0,lending/PRI activity; outside metro Atlanta,Capital Aggregator,Loan or Private Investment Fund,,TUTORING WITH FREE AND CHARITABLE HEALTH CARE SERVICES.,
3,4,St Simons Land Trust,58-2598986,St Simons Is,31522,no,,C34,Public charity: publicly supported 170(b)(1)(A)(vi),990,2021,65751426,5906971,0,0,0,large assets; outside metro Atlanta,Capital Seeker,Nonprofit (Community Dev. or Social Services),WWW.SSLT.ORG,"THE ST. SIMONS LAND TRUST WAS FOUNDED IN 2000 TO CONSERVE UNDEVELOPED LAND AND ICONIC PROPERTIES THAT HAVE ENVIRONMENTAL, RECREATIONAL, SCENIC, HISTORIC, OR EDUCATIONAL VALUE AND THAT ENSURE QUALITY OF LIFE FOR PRESENT A",
3,4,Ida Cason Callaway Foundation,58-0607075,Pine Mountain,31822,no,,C410,Public charity: program-service supported 509(a)(2),990,2021,56325456,17214373,0,0,0,large assets; outside metro Atlanta,Capital Seeker,Nonprofit (Community Dev. or Social Services),CallawayGardens.com,Connecting man and nature in a way that respects both.,
3,4,Student Housing Of America Inc,58-2472789,Atlanta,30361,yes,Housing,L80,Public charity: program-service supported 509(a)(2),990,2021,18887768,4459972,0,0,0,Housing,Capital Seeker,Nonprofit (Community Dev. or Social Services),N/A,DEVELOP OWN AND OPERATE STUDENT HOUSING FACILITIES TO ASSIST GOVERNMENTAL OR NON-PROFIT UNIVERSITIES FULFILL THEIR HOUSING NEEDS.,
3,4,Open Hand Atlanta Inc,58-1816778,Atlanta,30318,yes,Food & Agriculture,K36Z,Public charity: publicly supported 170(b)(1)(A)(vi),990,2021,17906863,15425420,0,0,0,Food & Agriculture,Capital Seeker,Nonprofit (Community Dev. or Social Services),WWW.OPENHANDATLANTA.ORG,WE COOK. WE DELIVER. WE TEACH. WE CARE.,
3,4,Solutions For Veterans Inc,58-2447022,Decatur,30030,yes,Community & Economic Development,S20,Public charity: publicly supported 170(b)(1)(A)(vi),990,2021,17719556,261005,0,12241968,0,lending/PRI activity,Capital Aggregator,Loan or Private Investment Fund,https://www.sfveterans.org/,"Provide programs and services for veterans living in supportive housing, and develop new supportive housing communities for Veterans.",
3,4,Hickory Creek Healthcare Foundation Inc,31-1644803,Sandy Springs,30328,yes,Health,E910,Public charity: program-service supported 509(a)(2),990,2021,17637730,7980753,0,0,0,Health,Capital Seeker,Nonprofit (Community Dev. or Social Services),hickorycreekhealthcare.org,"TO PROVIDE CARE TO THE ELDERLY RESIDENTS INCLUDING NURSING CARE, THERAPIES, OTHER ANCILLARY SERVICES, FOOD SERVICES, SOCIAL SERVICES AND OTHER SERVICES AS REQUIRED.",
3,4,Clairmont Crest Inc,87-0759408,Decatur,30033,yes,Housing,L220,Public charity: program-service supported 509(a)(2),990,2021,17271038,2349495,0,0,0,Housing,Capital Seeker,Nonprofit (Community Dev. or Social Services),WWW.BRCGA.ORG,TO ENRICH THE LIVES OF SENIOR ADULTS BY EMPOWERING EACH INDIVIDUAL TO FLOURISH WHILE AGING IN PLACE WITHIN A CHRISTIAN ENVIRONMENT.,
3,4,National Black Food And Justice Alliance,86-2075766,Atlanta,30310,yes,Food & Agriculture,K20,Public charity: publicly supported 170(b)(1)(A)(vi),990,2024,15500000,15200000,0,0,0,Food & Agriculture,Capital Seeker,Nonprofit (Community Dev. or Social Services),,,
3,4,Annandale At Suwanee Inc,58-6081470,Suwanee,30024,yes,Health (mental/crisis),F34Z,Public charity: program-service supported 509(a)(2),990,2021,15093838,16013785,0,0,0,Health (mental/crisis),Capital Seeker,Nonprofit (Community Dev. or Social Services),www.annandale.org,To perpetuate a Village community to provide progressive life assistance to adults with developmental disabilities so that they can maximize their abilities and maintain their independence in the least restrictive enviro,
3,4,Historic District Development Corporation,58-1447368,Atlanta,30312,yes,Housing,L200,Public charity: program-service supported 509(a)(2),990,2021,13935922,3211112,0,0,0,Housing,Capital Seeker,Nonprofit (Community Dev. or Social Services),WWW.HDDC.ORG,THE HISTORIC DISTRICT DEVELOPMENT CORPORATION IS A COMMUNITY BASED NONPROFIT WHOSE MISSION IS TO FACILITATE THE PRESERVATION AND REVITALIZATION OF THE MLK JR NATIONAL HISTORIC DISTRICT AND OTHER HISTORIC/PRESERVATION COM,
3,4,3Keys Inc,58-1899845,Dresden Dr,30341,yes,Housing,L20,Public charity: publicly supported 170(b)(1)(A)(vi),990,2022,13817354,3261473,0,0,-20561,Housing,Capital Seeker,Nonprofit (Community Dev. or Social Services),WWW.THE3KEYS.ORG,THE MISSION OF 3KEYS IS TO DEVELOP AND MANAGE AFFORDABLE PERMANENT HOUSING WITH ON-SITE SUPPORTIVE SERVICES FOR ADULTS FACING THE CHALLENGES OF MENTAL ILLNESS AND HOMELESSNESS.,
3,4,Clairmont Oaks Inc,23-7336582,Decatur,30030,yes,Housing,L21Z,Public charity: publicly supported 170(b)(1)(A)(vi),990,2021,12058022,3642909,6114,0,0,Housing,Capital Seeker,Nonprofit (Community Dev. or Social Services),WWW.CLAIRMONTOAKS.ORG,"QUALITY, LOW INCOME HOUSING AND SERVICES FOR THE ELDERLY.",
3,4,Taitanchi Foundation Inc,47-5484709,Atlanta,30307,yes,Philanthropy / Grantmaking,T20,Private non-operating foundation,990-PF,2023,11931133,735128,0,0,0,grantmaker,Capital Allocator,Foundation (Private),,,
3,4,Ascensa Health Inc,58-6045872,Atlanta,30308,yes,Health (mental/crisis),F220,Public charity: program-service supported 509(a)(2),990,2021,11423584,7096838,0,0,0,Health (mental/crisis),Capital Seeker,Nonprofit (Community Dev. or Social Services),WWW.STJUDESRECOVERY.ORG,TO PROVIDE A COMPREHENSIVE SYSTEM OF CARE THAT SUSTAINS LONG TERM RECOVERY FROM ADDICTION AND MENTAL ILLNESS.,
3,4,Galleria Manor Senior Development Inc,30-0606247,Smyrna,30080,yes,Housing,L21,Public charity: program-service supported 509(a)(2),990,2021,11115955,929840,66624,0,0,Housing,Capital Seeker,Nonprofit (Community Dev. or Social Services),N/A,"TO ACQUIRE, CONSTRUCT, OWN AND OPERATE AN 88 UNIT RENTAL HOUSING FACILITY FOR LOW-INCOME ELDERLY RESIDENTS KNOWN AS GALLERIA MANOR LOCATED IN SMYRNA, GEORGIA.",
3,4,No Longer Bound Inc,58-1927695,Cumming,30041,yes,Health (mental/crisis),F50Z,Public charity: publicly supported 170(b)(1)(A)(vi),990,2021,9214610,7198050,0,0,0,Health (mental/crisis),Capital Seeker,Nonprofit (Community Dev. or Social Services),WWW.NOLONGERBOUND.ORG,"NO LONGER BOUND IS A FAITH-BASED MINISTRY THAT PROVIDES AN INPATIENT RECOVERY CENTER FOR ADDICTION, SUPPORT PROGRAMS FOR MEN, WOMEN AND FAMILIES SUFFERING FROM ADDICTIONS, AND THE DISTRIBUTION OF FOOD, CLOTHING, AND AUTO",
3,4,Rainbow Village Inc,58-2181183,Duluth,30096,yes,Housing,L40,Public charity: publicly supported 170(b)(1)(A)(vi),990,2021,9090525,2152472,0,0,0,Housing,Capital Seeker,Nonprofit (Community Dev. or Social Services),WWW.RAINBOWVILLAGE.ORG,"RAINBOW VILLAGE TRANSFORMS THE LIVES OF HOMELESS FAMILIES WITH CHILDREN BY PROVIDING A STABLE COMMUNITY AND SERVICES THAT INSTILL INITIATIVE, SELF- DEVELOPMENT AND ACCOUNTABILITY FOR FUTURE GENERATIONS.",
3,4,The Extension Inc,58-1915156,Marietta,30061,yes,Housing,L41Z,Public charity: publicly supported 170(b)(1)(A)(vi),990,2021,8938510,4154653,320054,0,0,Housing,Capital Seeker,Nonprofit (Community Dev. or Social Services),THEEXTENSION.ORG,"PROFESSIONAL ADDICTION COUNSELING AND SUPPORT SERVICES, INCLUDING A RESIDENTIAL PROGRAM FOR THOSE UNDERGOING REHAB. PROVIDES COUNSELING AND EMERGENCY WINTER SHELTER WITH RELATED SERVICES.",
3,4,Tulsa Pythian Manor Inc,73-0783486,Alpharetta,30004,yes,Housing,L20,Public charity: program-service supported 509(a)(2),990,2021,8837966,2056413,0,0,0,Housing,Capital Seeker,Nonprofit (Community Dev. or Social Services),N/A,PROVIDE AFFORDABLE RENTAL HOUSING FOR LOW TO MODERATE INCOME HANDICAPPED AND ELDERLY FAMILIES AND INDIVIDUALS.,
3,4,Little River Property Management Inc,45-3563785,Carrollton,30117,yes,Housing,L40,Public charity: publicly supported 170(b)(1)(A)(vi),990,2021,8405369,2033301,0,0,0,Housing,Capital Seeker,Nonprofit (Community Dev. or Social Services),WWW.CARROLLTONHOUSINGAUTHORITY.COM,"TO PROMOTE AFFORDABLE HOUSING OPPORTUNITIES TO VERY LOW, LOW, AND MODERATE INCOME FAMILIES, SENIOR CITIZENS, AND THE DISABLED.",
3,4,Gwinnett Housing Corporation,58-2338247,Lawrenceville,30046,yes,Housing,L80,Public charity: publicly supported 170(b)(1)(A)(vi),990,2021,8038451,1439253,171531,0,0,Housing,Capital Seeker,Nonprofit (Community Dev. or Social Services),WWW.GWINETTHOUSING.ORG,TO EXPAND AFFORDABLE HOUSING IN GWINNETT COUNTY TO SERVE LOW AND MODERATE INCOME FAMILIES.,
3,4,Efficient Government Public Service Inc,83-1503532,Atlanta,30342,yes,Housing,L19,Public charity: publicly supported 170(b)(1)(A)(vi),990,2022,7952637,916959,0,0,0,Housing,Capital Seeker,Nonprofit (Community Dev. or Social Services),,"TO BETTER THE CONDITION OF SOCIETY AND LESSEN THE BURDENS OF GOVERNMENT BY PROVIDING SERVICES AND FACILITATING TRANSACTIONS ON A NOT FOR PROFIT BASIS TO NONPROFIT AND GOVERNMENTAL ENTITIES AT A COST LESS THAN, OR OTHERWI",
3,4,Link Counseling Center Inc,58-1109087,Sandy Springs,30328,yes,Health (mental/crisis),F600,Public charity: publicly supported 170(b)(1)(A)(vi),990,2021,7779217,1576232,0,0,0,Health (mental/crisis),Capital Seeker,Nonprofit (Community Dev. or Social Services),WWW.THELINK.ORG,"TO PROVIDE COUNSELING, PSYCHOTHERAPY, SUPPORT GROUPS, AND REFERRAL SERVICES FOR PEOPLE IN NEED OF MENTAL HEALTH SERVICES.",
3,4,Waterford Dublin Development Inc,27-1073302,Smyrna,30080,yes,Housing,L20,Public charity: program-service supported 509(a)(2),990,2021,7680584,482692,0,0,0,Housing,Capital Seeker,Nonprofit (Community Dev. or Social Services),N/A,"TO ACQUIRE, CONSTRUCT, OWN AND OPERATE A 56 UNIT RENTAL HOUSING FACILITY FOR LOW-INCOME RESIDENTS KNOWN AS WATERFORD ESTATES LOCATED IN DUBLIN, GEORGIA.",
3,4,Rosewood Cordele Development Inc,27-1073169,Smyrna,30080,yes,Housing,L22,Public charity: program-service supported 509(a)(2),990,2021,7173032,495785,0,0,0,Housing,Capital Seeker,Nonprofit (Community Dev. or Social Services),N/A,"TO ACQUIRE, CONSTRUCT, OWN AND OPERATE A 56 UNIT RENTAL HOUSING FACILITY FOR LOW-INCOME RESIDENTS KNOWN AS ROSEWOOD ESTATES LOCATED IN CORDELE GEORGIA.",
3,4,Georgia Health Information Network,20-4374198,Atlanta,30328,yes,Health (mental/crisis),F05,Public charity: publicly supported 170(b)(1)(A)(vi),990,2020,7125109,3967633,0,0,0,Health (mental/crisis),Capital Seeker,Nonprofit (Community Dev. or Social Services),WWW.GAHIN.ORG,THE ORGANIZATION'S MISSION IS To facilitate a statewide health information network for Georgia that is trusted and valued by all stakeholders; works to improve health care coordination and reduces costs; and establishes ,
3,4,Briarcliff Oaks Inc,26-3359065,Atlanta,30329,yes,Housing,L21,Public charity: program-service supported 509(a)(2),990,2021,6854323,1980446,0,0,0,Housing,Capital Seeker,Nonprofit (Community Dev. or Social Services),WWW.BRIARCLIFFOAKS.ORG,"QUALITY, LOW INCOME HOUSING AND SERVICES FOR THE ELDERLY.",
3,4,Champions Community Foundation Inc,47-2058404,Johns Creek,30022,yes,Housing,L25,Public charity: publicly supported 170(b)(1)(A)(vi),990,2021,6758980,1049035,131759,0,0,Housing,Capital Seeker,Nonprofit (Community Dev. or Social Services),http://www.championscommunityfoundation.org,The organization provides community events and assistance to young adults with physical and mental handicaps. The organization will build a home for Disabled Adults to live and provide them the opportunity to live an ind,
3,4,Campbell Stone Apartments Inc,58-0938908,Atlanta,30305,yes,Housing,L22,Public charity: program-service supported 509(a)(2),990,2021,6624311,23379,0,0,0,Housing,Capital Seeker,Nonprofit (Community Dev. or Social Services),N/A,"The mission is to provide retirement living with an emphasis on value, services and quality amenities. We embrace your family as our family in a nurturing environment that enhances quality of life, encourages personal gr",
3,4,Atlanta Childrens Shelter Inc,58-1675299,Atlanta,30308,yes,Housing,L41Z,Public charity: publicly supported 170(b)(1)(A)(vi),990,2021,6027405,2185786,135810,0,0,Housing,Capital Seeker,Nonprofit (Community Dev. or Social Services),WWW.ACSATL.ORG,"TO BREAK THE CYCLE OF POVERTY FOR FAMILIES FACING HOMELESSNESS BY BUILDING PATHWAYS TO LONG-TERM SELF-SUFFICIENCY, AND PROVIDING QUALITY EARLY CHILDHOOD EDUCATION.",
3,4,Campbell-Stone North Apartments Inc,58-1330246,Atlanta,30328,yes,Housing,L210,Public charity: program-service supported 509(a)(2),990,2021,6006161,3723333,0,0,0,Housing,Capital Seeker,Nonprofit (Community Dev. or Social Services),WWW.CAMPBELLSTONE.ORG,"THE MISSION IS TO PROVIDE RETIREMENT LIVING WITH AN EMPHASIS ON VALUE, SERVICES AND QUALITY AMENITIES. WE EMBRACE YOUR FAMILY AS OUR FAMILY IN A NURTURING ENVIRONMENT THAT ENHANCES QUALITY OF LIFE, ENCOURAGES PERSONAL GR",
3,4,Initiative For Affordable Housing Dekalb Inc,58-1932474,Scottdale,30079,yes,Housing,L21Z,Public charity: publicly supported 170(b)(1)(A)(vi),990,2021,5957478,2138243,0,0,0,Housing,Capital Seeker,Nonprofit (Community Dev. or Social Services),AFFORDABLEHOUSINGATL.ORG,AFFORDABLE LOW-INCOME HOUSING.,
3,4,Vernon Woods Retirement Community H Csr,58-2575049,Marietta,30062,yes,Housing,L22,Public charity: program-service supported 509(a)(2),990,2021,5842886,3424161,0,0,0,Housing,Capital Seeker,Nonprofit (Community Dev. or Social Services),WWW.WELLSTAR.ORG,SEE SCHEDULE O,
3,4,Evangeline Booth Friendship House Residence,20-3891681,Brookhaven,30329,yes,Housing,L22,Public charity: program-service supported 509(a)(2),990,2020,5707020,804139,0,0,0,Housing,Capital Seeker,Nonprofit (Community Dev. or Social Services),WWW.USS.SALVATIONARMY.ORG,"PROVIDE AFFORDABLE HOUSING FOR THE ELDERLY, HANDICAPPED AND DISABLED.",
3,4,Elks Aidmore Inc,58-0572410,Conyers,30094,yes,Health (mental/crisis),F33Z,Public charity: publicly supported 170(b)(1)(A)(vi),990,2021,5675735,8721800,0,0,0,Health (mental/crisis),Capital Seeker,Nonprofit (Community Dev. or Social Services),WWW.ELKSAIDMORE.COM,"TO PROVIDE YOUTH AND FAMILIES IN CRISIS WITH THE NECESSARY SKILLS AND RESOURCES TO HELP HEAL THEIR HEARTS, RESTORE THEIR HOMES AND REBUILD THEIR LIVES.",
3,4,Drake House Inc,20-0943038,Roswell,30075,yes,Housing,L41,Public charity: publicly supported 170(b)(1)(A)(vi),990,2021,5629705,2503527,0,0,0,Housing,Capital Seeker,Nonprofit (Community Dev. or Social Services),WWW.THEDRAKEHOUSE.ORG,"TO PROVIDE A LIFELINE OF SUPPORTIVE HOUSING AND ENRICHMENT PROGRAMS FOR HOMELESS MOTHERS AND THEIR CHILDREN IN NORTH METRO ATLANTA, GEORGIA.",
3,4,Twin Cedars Youth And Family Services Inc,58-1413499,Lagrange,30241,yes,Health (mental/crisis),F320,Public charity: publicly supported 170(b)(1)(A)(vi),990,2021,5452852,13049397,0,0,0,Health (mental/crisis),Capital Seeker,Nonprofit (Community Dev. or Social Services),WWW.TWINCEDARS.ORG,"TO PROVIDE PROGRAMS AND SERVICES EMPOWERING CHILDREN, YOUTH, AND FAMILIES TO ACHIEVE OPTIMUM POTENTIAL.",
3,4,D A S H For Lagrange Inc,03-0403629,Lagrange,30240,yes,Housing,L80,Public charity: publicly supported 170(b)(1)(A)(vi),990,2021,5072281,1062756,0,403,0,Housing,Capital Seeker,Nonprofit (Community Dev. or Social Services),WWW.DASHLAGRANGE.COM,"TO REVITALIZE AND MAKE SUSTAINABLE LAGRANGE'S ONCE VIBRANT NEIGHBORHOODS BY ELIMINATING SUBSTANDARD HOUSING, CREATING SOCIO-ECONOMIC DIVERSITY, ENCOURAGING HOMEOWNERSHIP, INVITING ECONOMIC DEVELOPMENT, AND ENGAGING RESID",
3,3,Atlanta Botanical Garden Inc,58-1313284,Atlanta,30309,yes,,C410,Public charity: publicly supported 170(b)(1)(A)(vi),990,2021,198824204,44604397,25000,0,0,large assets,Capital Seeker,Nonprofit (Community Dev. or Social Services),WWW.ATLANTABG.ORG,"THE ATLANTA BOTANICAL GARDEN'S MISSION IS TO DEVELOP AND MAINTAIN PLANT COLLECTIONS FOR DISPLAY, EDUCATION, RESEARCH, CONSERVATION AND ENJOYMENT.",
3,3,Atlantic Coast Conservancy Inc,27-2321488,Jasper,30143,yes,,C34,Public charity: program-service supported 509(a)(2),990,2021,116932438,4648270,84579,892349,0,large assets,Capital Seeker,Nonprofit (Community Dev. or Social Services),WWW.ATLANTICCOASTCONSERVANCY.ORG,"THE MISSION OF THE ATLANTIC COAST CONSERVANCY IS TO PROVIDE 21ST CENTURY SOLUTIONS AND SOUND SCIENTIFIC APPLICATIONS FOR CONSERVATION OF CRITICAL NATURAL RESOURCES IN THE FACE OF A CHANGING CLIMATE, FOCUSING ON THE SOUTH",
3,3,Trees Atlanta Inc,58-1584758,Atlanta,30310,yes,,C500,Public charity: publicly supported 170(b)(1)(A)(vi),990,2021,22282688,7987544,0,12126800,0,lending/PRI activity,Capital Aggregator,Loan or Private Investment Fund,WWW.TREESATLANTA.ORG,"TREES ATLANTA PROTECTS AND IMPROVES ATLANTA'S URBAN FOREST BY PLANTING, CONSERVING, AND EDUCATING THE PUBLIC ABOUT THE BENEFITS OF TREES AND THEIR IMPORTANCE FOR THE HEALTH AND WELL-BEING OF OUR CITIZENS. WE EMPOWER COMM",
3,3,Georgia Piedmont Land Trust Inc,58-2384485,Suwanee,30024,yes,,C340,Public charity: publicly supported 170(b)(1)(A)(vi),990,2022,11986375,102507,0,0,682910,lending/PRI activity,Capital Aggregator,Loan or Private Investment Fund,WWW.GPLT.ORG,PERMANENTLY PRESERVING LAND IN THE PIEDMONT REGION OF GEORGIA TO PROTECT THE QUALITY OF OUR WATERS AND WOODLANDS; COMPLEMENT THE CONSERVATION EFFORTS OF CITIES AND CITIZENS; AND SAVE FARMLAND AND HISTORIC SITES FOR COMMU,
3,3,Legacy Community Housing Corporation,27-1761971,Atlanta,,yes,,,,990,2021,8137171,451244,106432,15578,444638,lending/PRI activity,Capital Aggregator,Loan or Private Investment Fund,WWW.LEGACYHOUSING.ORG,"WE SERVE DISADVANTAGED COMMUNITIES WORLDWIDE BY PROVIDING CHARITY, FINANCIAL SUPPORT AND INVESTMENT IN AREAS SUCH AS REAL ESTATE, COMMUNITY DEVELOPMENT, MINISTRIES, MEDICAL OUTREACH, EDUCATION, CHILDREN'S WELLNESS AND ME",
3,3,Georgia Micro Enterprise Network Inc,80-0030897,Atlanta,30313,yes,Community & Economic Development,S43,Public charity: publicly supported 170(b)(1)(A)(vi),990,2021,4095109,11565162,9466278,0,0,grantmaker,Capital Allocator,DAF or Charitable Fund,WWW.GMEN.ORG,"THE GEORGIA MICRO ENTERPRISE NETWORK (GMEN) IS A NONPROFIT ASSOCIATION THAT IS A CATALYST FOR ECONOMIC DEVELOPMENT IN GEORGIA. THROUGH ITS NETWORK OF BUSINESS DEVELOPMENT TRAINING AND LENDING ORGANIZATIONS (MDOS), GMEN S",
3,3,Galeo Latino Community Development Fund Inc,20-1565775,Atlanta,30359,yes,Community & Economic Development,S20,Public charity: publicly supported 170(b)(1)(A)(vi),990,2021,2159067,1727824,0,0,0,lending/PRI activity,Capital Aggregator,Loan or Private Investment Fund,WWW.GALEO.ORG,SEE SCHEDULE O,
3,3,Cobbworks Inc,58-2635833,Marietta,30060,yes,Employment & Workforce,J22,Public charity: publicly supported 170(b)(1)(A)(vi),990,2021,1356987,5229841,2603719,0,0,grantmaker,Capital Allocator,DAF or Charitable Fund,WWW.COBBWORKS.ORG,TO PROMOTE EMPLOYMENT AND EDUCATION OPPORTUNITIES THAT STRENGTHEN THE WORKFORCE AND ECONOMIC DEVELOPMENT IN OUR COMMUNITY.,
3,3,Reflections Of Trinity Inc,26-1871591,Powder Spgs,30127,yes,Community & Economic Development,S20,Public charity: publicly supported 170(b)(1)(A)(vi),990,2021,1252908,7480077,6213634,4777,0,grantmaker,Capital Allocator,DAF or Charitable Fund,N/A,COMMUNITY OUTREACH AND SUPPORT FOR LOCAL ORGANIZATIONS AND INDIVIDUALS. SERVES TO MEET THE BASIC NEEDS OF THOSE IN CRISIS AND FACILITATES STRUCTURED OPPORTUNITIES FOR PEOPLE TO ENGAGE IN MEANINGFUL COMMUNITY SERVICE.,
3,3,Homeaid Atlanta Inc,58-0024106,Alpharetta,30005,yes,Employment & Workforce,J22,Public charity: publicly supported 170(b)(1)(A)(vi),990,2021,893529,1490160,1085827,0,0,grantmaker,Capital Allocator,DAF or Charitable Fund,WWW.HOMEAIDATLANTA.ORG,THE MISSION OF HOMEAID ATLANTA IS TO BUILD NEW LIVES FOR HOMELESS FAMILIES AND INDIVIDUALS THROUGH HOUSING AND COMMUNIT YOU TREACH. ALTHOUGH OUR MISSION GIVES US BROAD LATITUDE TO ENGAGE IN BUILDING PROJECTS ACROSS THE E,
3,3,African American Credit Union Coalition,57-1091138,Snellville,30039,yes,Community & Economic Development,S40,Public charity: publicly supported 170(b)(1)(A)(vi),990,2021,676813,1509936,0,0,0,lending/PRI activity,Capital Aggregator,CDFI or Credit Union,N/A,THE AFRICAN AMERICAN CREDIT UNION COALITION'S MISSION IS TO INCREASE DIVERSITY WITHIN THE CREDIT UNION COMMUNITY THROUGH ADVOCACY AND PROFESSIONAL DEVELOPMENT.,
3,3,Eagles Economic Community Development Corp,55-0882752,Union City,30291,yes,Community & Economic Development,S30,Public charity: publicly supported 170(b)(1)(A)(vi),990,2021,18400,70231,0,0,0,lending/PRI activity,Capital Aggregator,CDFI or Credit Union,www.eagleseconomiccdc.org/,CHARITABLE AND EDUCATION PURPOSES,
3,2,10 Klicks Outdoors Inc,92-3617259,Brooks,30205,yes,,C60,Public charity: program-service supported 509(a)(2),990,2024,41900000,18900000,0,0,0,large assets,Capital Seeker,Nonprofit (Community Dev. or Social Services),,,
3,2,Southeastern Trust For Parks And Land Inc,45-4433321,Avondale Est,30002,yes,,C34,Public charity: publicly supported 170(b)(1)(A)(vi),990,2021,34377052,533912,0,0,0,large assets,Capital Seeker,Nonprofit (Community Dev. or Social Services),https://stpal.org/,"PRESERVATION AND CONSERVATION OF LAND, HABITATS AND WATERSHED AREAS FOR PRESENT AND FUTURE USE.",
