program_label,code,name,total_units,pct_occupied,number_reported,people_total
Summary of All HUD Programs,13001,Appling County,184,91,167,316
Public Housing,13001,Appling County,159,96,153,295
Housing Choice Vouchers,13001,Appling County,2,-4,-4,-4
Project Based Section 8,13001,Appling County,23,58,13,19
Summary of All HUD Programs,13003,Atkinson County,74,94,73,150
Public Housing,13003,Atkinson County,44,98,43,81
Housing Choice Vouchers,13003,Atkinson County,2,-4,-4,-4
Project Based Section 8,13003,Atkinson County,28,91,29,62
Summary of All HUD Programs,13005,Bacon County,267,91,242,564
Public Housing,13005,Bacon County,262,91,239,559
Housing Choice Vouchers,13005,Bacon County,5,-4,-4,-4
Summary of All HUD Programs,13007,Baker County,42,95,37,71
Public Housing,13007,Baker County,39,97,35,62
Housing Choice Vouchers,13007,Baker County,3,-4,-4,-4
Summary of All HUD Programs,13009,Baldwin County,580,78,495,1067
Housing Choice Vouchers,13009,Baldwin County,47,62,31,50
Project Based Section 8,13009,Baldwin County,511,79,443,996
811/PRAC,13009,Baldwin County,22,97,21,21
Summary of All HUD Programs,13011,Banks County,19,98,18,34
Project Based Section 8,13011,Banks County,19,98,18,34
Summary of All HUD Programs,13013,Barrow County,520,81,427,852
Public Housing,13013,Barrow County,20,100,20,37
Housing Choice Vouchers,13013,Barrow County,154,62,101,211
Project Based Section 8,13013,Barrow County,310,88,274,570
202/PRAC,13013,Barrow County,36,93,32,34
Summary of All HUD Programs,13015,Bartow County,599,86,530,1027
Housing Choice Vouchers,13015,Bartow County,89,62,58,131
Project Based Section 8,13015,Bartow County,500,90,467,891
202/PRAC,13015,Bartow County,2,-4,-4,-4
811/PRAC,13015,Bartow County,8,-4,-4,-4
Summary of All HUD Programs,13017,Ben Hill County,441,93,408,880
Public Housing,13017,Ben Hill County,221,100,221,544
Housing Choice Vouchers,13017,Ben Hill County,15,-4,-4,-4
Project Based Section 8,13017,Ben Hill County,205,88,177,318
Summary of All HUD Programs,13019,Berrien County,168,96,162,297
Public Housing,13019,Berrien County,159,98,156,282
Housing Choice Vouchers,13019,Berrien County,9,-4,-4,-4
Summary of All HUD Programs,13021,Bibb County,7108,87,6603,14800
Public Housing,13021,Bibb County,219,68,150,495
Housing Choice Vouchers,13021,Bibb County,3642,90,3584,8561
Mod Rehab,13021,Bibb County,60,73,40,93
Project Based Section 8,13021,Bibb County,3056,84,2702,5523
202/PRAC,13021,Bibb County,117,95,112,113
811/PRAC,13021,Bibb County,14,89,15,15
Summary of All HUD Programs,13023,Bleckley County,132,62,82,159
Housing Choice Vouchers,13023,Bleckley County,17,62,11,20
Project Based Section 8,13023,Bleckley County,115,62,71,139
Summary of All HUD Programs,13025,Brantley County,47,93,44,92
Public Housing,13025,Brantley County,41,98,40,78
Housing Choice Vouchers,13025,Brantley County,6,-4,-4,-4
Summary of All HUD Programs,13027,Brooks County,234,92,215,552
Public Housing,13027,Brooks County,202,97,194,496
Housing Choice Vouchers,13027,Brooks County,31,62,20,55
202/PRAC,13027,Brooks County,1,-4,-4,-4
Summary of All HUD Programs,13029,Bryan County,112,84,96,162
Public Housing,13029,Bryan County,38,97,37,80
Housing Choice Vouchers,13029,Bryan County,44,62,29,52
202/PRAC,13029,Bryan County,30,99,30,30
Summary of All HUD Programs,13031,Bulloch County,537,85,454,921
Public Housing,13031,Bulloch County,152,85,130,290
Housing Choice Vouchers,13031,Bulloch County,89,62,58,130
Project Based Section 8,13031,Bulloch County,296,91,266,501
Summary of All HUD Programs,13033,Burke County,493,87,414,1040
Public Housing,13033,Burke County,309,96,297,759
Housing Choice Vouchers,13033,Burke County,50,62,33,91
Project Based Section 8,13033,Burke County,134,75,84,190
Summary of All HUD Programs,13035,Butts County,136,88,116,222
Public Housing,13035,Butts County,89,88,75,165
Housing Choice Vouchers,13035,Butts County,14,-4,-4,-4
202/PRAC,13035,Butts County,33,99,32,32
Summary of All HUD Programs,13037,Calhoun County,91,95,87,228
Public Housing,13037,Calhoun County,88,97,85,223
Housing Choice Vouchers,13037,Calhoun County,3,-4,-4,-4
Summary of All HUD Programs,13039,Camden County,495,81,395,898
Public Housing,13039,Camden County,113,96,108,240
Housing Choice Vouchers,13039,Camden County,141,62,92,211
Project Based Section 8,13039,Camden County,224,84,178,428
202/PRAC,13039,Camden County,17,100,17,19
Summary of All HUD Programs,13043,Candler County,125,99,123,296
Public Housing,13043,Candler County,122,99,121,290
Housing Choice Vouchers,13043,Candler County,2,-4,-4,-4
Project Based Section 8,13043,Candler County,1,-4,-4,-4
Summary of All HUD Programs,13045,Carroll County,1118,82,986,2154
Public Housing,13045,Carroll County,55,98,54,95
Housing Choice Vouchers,13045,Carroll County,769,77,648,1543
Project Based Section 8,13045,Carroll County,294,93,284,516
Summary of All HUD Programs,13047,Catoosa County,351,92,327,567
Public Housing,13047,Catoosa County,104,100,104,152
Housing Choice Vouchers,13047,Catoosa County,37,62,24,55
Project Based Section 8,13047,Catoosa County,210,94,199,360
Summary of All HUD Programs,13049,Charlton County,52,93,47,92
Public Housing,13049,Charlton County,50,94,46,89
Housing Choice Vouchers,13049,Charlton County,2,-4,-4,-4
Summary of All HUD Programs,13051,Chatham County,5966,87,5150,12053
Public Housing,13051,Chatham County,917,74,673,1684
Housing Choice Vouchers,13051,Chatham County,3428,89,3003,7515
Mod Rehab,13051,Chatham County,20,90,17,17
Project Based Section 8,13051,Chatham County,1527,91,1400,2764
202/PRAC,13051,Chatham County,39,97,34,35
811/PRAC,13051,Chatham County,36,70,23,38
Summary of All HUD Programs,13053,Chattahoochee County,6,-4,-4,-4
Housing Choice Vouchers,13053,Chattahoochee County,5,-4,-4,-4
Project Based Section 8,13053,Chattahoochee County,1,-4,-4,-4
Summary of All HUD Programs,13055,Chattooga County,395,94,375,653
Public Housing,13055,Chattooga County,18,100,18,31
Housing Choice Vouchers,13055,Chattooga County,12,-4,-4,-4
Project Based Section 8,13055,Chattooga County,353,94,337,602
811/PRAC,13055,Chattooga County,12,94,12,12
Summary of All HUD Programs,13057,Cherokee County,691,66,477,1109
Public Housing,13057,Cherokee County,145,64,93,205
Housing Choice Vouchers,13057,Cherokee County,467,62,306,824
Project Based Section 8,13057,Cherokee County,67,99,67,69
811/PRAC,13057,Cherokee County,12,84,11,11
Summary of All HUD Programs,13059,Clarke County,2336,85,2010,4557
Public Housing,13059,Clarke County,1250,96,1183,2803
Housing Choice Vouchers,13059,Clarke County,330,62,216,458
Project Based Section 8,13059,Clarke County,710,76,571,1256
202/PRAC,13059,Clarke County,45,85,40,40
Summary of All HUD Programs,13061,Clay County,60,91,54,123
Public Housing,13061,Clay County,24,100,24,61
Project Based Section 8,13061,Clay County,36,84,30,62
Summary of All HUD Programs,13063,Clayton County,3037,91,2754,7355
Public Housing,13063,Clayton County,41,95,39,114
Housing Choice Vouchers,13063,Clayton County,2066,90,2083,5643
Project Based Section 8,13063,Clayton County,883,94,584,1548
202/PRAC,13063,Clayton County,48,99,48,50
Summary of All HUD Programs,13065,Clinch County,86,96,83,218
Public Housing,13065,Clinch County,80,99,79,210
Housing Choice Vouchers,13065,Clinch County,6,-4,-4,-4
Summary of All HUD Programs,13067,Cobb County,3539,97,3365,6350
Housing Choice Vouchers,13067,Cobb County,2809,97,2680,5611
Project Based Section 8,13067,Cobb County,470,97,464,516
202/PRAC,13067,Cobb County,172,97,164,166
811/PRAC,13067,Cobb County,88,96,57,57
Summary of All HUD Programs,13069,Coffee County,511,92,469,1070
Public Housing,13069,Coffee County,401,99,395,872
Housing Choice Vouchers,13069,Coffee County,35,62,23,62
Project Based Section 8,13069,Coffee County,75,70,51,136
Summary of All HUD Programs,13071,Colquitt County,800,89,727,1600
Public Housing,13071,Colquitt County,382,98,373,870
Housing Choice Vouchers,13071,Colquitt County,70,62,46,93
Project Based Section 8,13071,Colquitt County,341,86,301,630
811/PRAC,13071,Colquitt County,7,-4,-4,-4
Summary of All HUD Programs,13073,Columbia County,132,80,108,231
Public Housing,13073,Columbia County,44,98,43,108
Housing Choice Vouchers,13073,Columbia County,64,62,42,100
Project Based Section 8,13073,Columbia County,1,-4,-4,-4
202/PRAC,13073,Columbia County,23,98,22,22
Summary of All HUD Programs,13075,Cook County,79,92,73,162
Public Housing,13075,Cook County,60,100,60,133
Housing Choice Vouchers,13075,Cook County,14,-4,-4,-4
Project Based Section 8,13075,Cook County,5,-4,-4,-4
Summary of All HUD Programs,13077,Coweta County,1383,84,1200,2735
Public Housing,13077,Coweta County,483,99,471,978
Housing Choice Vouchers,13077,Coweta County,544,62,403,926
Project Based Section 8,13077,Coweta County,357,96,326,831
Summary of All HUD Programs,13079,Crawford County,96,81,86,183
Housing Choice Vouchers,13079,Crawford County,24,62,16,26
Project Based Section 8,13079,Crawford County,71,88,70,157
Summary of All HUD Programs,13081,Crisp County,546,92,500,1083
Public Housing,13081,Crisp County,433,96,416,878
Housing Choice Vouchers,13081,Crisp County,75,62,49,110
Project Based Section 8,13081,Crisp County,35,98,32,92
811/PRAC,13081,Crisp County,3,-4,-4,-4
Summary of All HUD Programs,13083,Dade County,18,64,12,13
Housing Choice Vouchers,13083,Dade County,6,-4,-4,-4
811/PRAC,13083,Dade County,12,-4,-4,-4
Summary of All HUD Programs,13085,Dawson County,6,-4,-4,-4
Housing Choice Vouchers,13085,Dawson County,6,-4,-4,-4
Summary of All HUD Programs,13087,Decatur County,508,73,385,856
Public Housing,13087,Decatur County,283,71,201,495
Housing Choice Vouchers,13087,Decatur County,14,-4,-4,-4
Project Based Section 8,13087,Decatur County,192,74,157,318
811/PRAC,13087,Decatur County,19,99,18,21
Summary of All HUD Programs,13089,DeKalb County,9945,85,9928,21218
Public Housing,13089,DeKalb County,75,84,63,152
Housing Choice Vouchers,13089,DeKalb County,7100,82,7264,16834
Project Based Section 8,13089,DeKalb County,2388,93,2216,3836
202/PRAC,13089,DeKalb County,353,98,358,369
811/PRAC,13089,DeKalb County,29,87,27,27
Summary of All HUD Programs,13091,Dodge County,381,90,349,658
Public Housing,13091,Dodge County,216,100,215,452
Housing Choice Vouchers,13091,Dodge County,44,62,29,54
Project Based Section 8,13091,Dodge County,121,84,105,152
Summary of All HUD Programs,13093,Dooly County,246,96,239,433
Public Housing,13093,Dooly County,232,98,227,411
Housing Choice Vouchers,13093,Dooly County,8,-4,-4,-4
811/PRAC,13093,Dooly County,6,-4,-4,-4
Summary of All HUD Programs,13095,Dougherty County,2943,78,2420,5700
Public Housing,13095,Dougherty County,347,90,313,660
Housing Choice Vouchers,13095,Dougherty County,1237,61,852,2080
Project Based Section 8,13095,Dougherty County,1236,90,1139,2842
202/PRAC,13095,Dougherty County,101,96,98,98
811/PRAC,13095,Dougherty County,22,85,18,20
Summary of All HUD Programs,13097,Douglas County,1130,71,825,2142
Housing Choice Vouchers,13097,Douglas County,783,62,513,1568
Project Based Section 8,13097,Douglas County,335,90,299,560
202/PRAC,13097,Douglas County,1,-4,-4,-4
811/PRAC,13097,Douglas County,12,97,12,13
Summary of All HUD Programs,13099,Early County,248,92,227,554
Public Housing,13099,Early County,159,98,156,383
Housing Choice Vouchers,13099,Early County,40,62,26,65
Project Based Section 8,13099,Early County,49,96,45,106
Summary of All HUD Programs,13103,Effingham County,89,62,58,151
Housing Choice Vouchers,13103,Effingham County,89,62,58,151
Summary of All HUD Programs,13105,Elbert County,414,90,396,910
Housing Choice Vouchers,13105,Elbert County,24,62,16,28
Project Based Section 8,13105,Elbert County,389,92,380,882
Summary of All HUD Programs,13107,Emanuel County,380,95,353,718
Public Housing,13107,Emanuel County,225,98,214,499
Housing Choice Vouchers,13107,Emanuel County,21,62,14,32
Project Based Section 8,13107,Emanuel County,133,96,125,187
Summary of All HUD Programs,13109,Evans County,140,97,136,311
Public Housing,13109,Evans County,140,97,136,311
Summary of All HUD Programs,13111,Fannin County,142,95,137,266
Public Housing,13111,Fannin County,88,97,85,141
Housing Choice Vouchers,13111,Fannin County,6,-4,-4,-4
Project Based Section 8,13111,Fannin County,48,97,48,116
Summary of All HUD Programs,13113,Fayette County,207,76,160,356
Housing Choice Vouchers,13113,Fayette County,123,62,81,253
Project Based Section 8,13113,Fayette County,84,95,79,103
Summary of All HUD Programs,13115,Floyd County,2009,76,1193,2330
Public Housing,13115,Floyd County,512,70,246,447
Housing Choice Vouchers,13115,Floyd County,1034,71,514,1020
Project Based Section 8,13115,Floyd County,422,92,394,823
202/PRAC,13115,Floyd County,41,98,39,40
Summary of All HUD Programs,13117,Forsyth County,140,74,103,211
Public Housing,13117,Forsyth County,50,94,44,89
Housing Choice Vouchers,13117,Forsyth County,89,62,58,121
Project Based Section 8,13117,Forsyth County,1,-4,-4,-4
Summary of All HUD Programs,13119,Franklin County,312,87,281,579
Public Housing,13119,Franklin County,82,97,80,163
Housing Choice Vouchers,13119,Franklin County,5,-4,-4,-4
Project Based Section 8,13119,Franklin County,225,84,198,412
Summary of All HUD Programs,13121,Fulton County,33384,85,27918,54634
Public Housing,13121,Fulton County,2785,92,2507,4846
Housing Choice Vouchers,13121,Fulton County,22696,85,18886,39608
Project Based Section 8,13121,Fulton County,7271,84,5910,9552
202/PRAC,13121,Fulton County,605,98,592,605
811/PRAC,13121,Fulton County,27,81,23,23
Summary of All HUD Programs,13123,Gilmer County,113,97,110,177
Public Housing,13123,Gilmer County,110,98,108,175
Housing Choice Vouchers,13123,Gilmer County,3,-4,-4,-4
Summary of All HUD Programs,13125,Glascock County,14,100,14,30
Public Housing,13125,Glascock County,14,100,14,30
Summary of All HUD Programs,13127,Glynn County,1768,91,1545,3537
Public Housing,13127,Glynn County,586,94,539,1425
Housing Choice Vouchers,13127,Glynn County,766,85,638,1650
Project Based Section 8,13127,Glynn County,334,97,287,378
202/PRAC,13127,Glynn County,78,96,77,80
811/PRAC,13127,Glynn County,4,-4,-4,-4
Summary of All HUD Programs,13129,Gordon County,413,96,406,734
Public Housing,13129,Gordon County,249,98,245,463
Housing Choice Vouchers,13129,Gordon County,20,62,13,15
Project Based Section 8,13129,Gordon County,144,96,148,256
Summary of All HUD Programs,13131,Grady County,251,89,224,444
Housing Choice Vouchers,13131,Grady County,17,62,11,16
Project Based Section 8,13131,Grady County,186,90,167,378
202/PRAC,13131,Grady County,31,96,29,29
811/PRAC,13131,Grady County,17,98,17,21
Summary of All HUD Programs,13133,Greene County,176,94,165,417
Public Housing,13133,Greene County,170,95,161,409
Housing Choice Vouchers,13133,Greene County,6,-4,-4,-4
Summary of All HUD Programs,13135,Gwinnett County,4893,68,3420,9765
Public Housing,13135,Gwinnett County,51,100,51,118
Housing Choice Vouchers,13135,Gwinnett County,3874,62,2536,8234
Project Based Section 8,13135,Gwinnett County,751,85,689,1231
202/PRAC,13135,Gwinnett County,170,99,99,118
811/PRAC,13135,Gwinnett County,47,99,45,64
Summary of All HUD Programs,13137,Habersham County,247,84,219,411
Housing Choice Vouchers,13137,Habersham County,15,-4,-4,-4
Project Based Section 8,13137,Habersham County,232,86,209,398
Summary of All HUD Programs,13139,Hall County,1020,87,908,1918
Public Housing,13139,Hall County,143,98,139,367
Housing Choice Vouchers,13139,Hall County,220,62,144,239
Project Based Section 8,13139,Hall County,583,92,551,1236
202/PRAC,13139,Hall County,74,100,74,76
Summary of All HUD Programs,13141,Hancock County,56,76,43,101
Public Housing,13141,Hancock County,24,96,22,60
Housing Choice Vouchers,13141,Hancock County,32,62,21,41
Summary of All HUD Programs,13143,Haralson County,349,82,291,550
Public Housing,13143,Haralson County,126,98,123,254
Housing Choice Vouchers,13143,Haralson County,11,-4,-4,-4
Project Based Section 8,13143,Haralson County,211,73,160,285
202/PRAC,13143,Haralson County,1,-4,-4,-4
Summary of All HUD Programs,13145,Harris County,61,93,57,118
Public Housing,13145,Harris County,55,97,53,111
Housing Choice Vouchers,13145,Harris County,6,-4,-4,-4
Summary of All HUD Programs,13147,Hart County,291,95,276,583
Public Housing,13147,Hart County,276,96,265,562
Housing Choice Vouchers,13147,Hart County,12,-4,-4,-4
Project Based Section 8,13147,Hart County,3,-4,-4,-4
Summary of All HUD Programs,13149,Heard County,80,97,77,138
Public Housing,13149,Heard County,75,99,74,132
Housing Choice Vouchers,13149,Heard County,5,-4,-4,-4
Summary of All HUD Programs,13151,Henry County,1698,65,1163,3790
Public Housing,13151,Henry County,143,99,142,344
Housing Choice Vouchers,13151,Henry County,1554,62,1020,3445
202/PRAC,13151,Henry County,1,-4,-4,-4
Summary of All HUD Programs,13153,Houston County,1976,73,1501,3449
Public Housing,13153,Houston County,493,99,488,1035
Housing Choice Vouchers,13153,Houston County,1352,62,885,2135
Project Based Section 8,13153,Houston County,100,84,94,244
202/PRAC,13153,Houston County,23,96,21,22
811/PRAC,13153,Houston County,8,100,13,13
Summary of All HUD Programs,13155,Irwin County,185,97,178,412
Public Housing,13155,Irwin County,165,100,165,398
Housing Choice Vouchers,13155,Irwin County,6,-4,-4,-4
Project Based Section 8,13155,Irwin County,10,-4,-4,-4
811/PRAC,13155,Irwin County,4,-4,-4,-4
Summary of All HUD Programs,13157,Jackson County,240,92,223,449
Public Housing,13157,Jackson County,140,99,133,259
Housing Choice Vouchers,13157,Jackson County,15,-4,-4,-4
Project Based Section 8,13157,Jackson County,85,87,80,172
Summary of All HUD Programs,13159,Jasper County,79,85,68,157
Public Housing,13159,Jasper County,58,93,54,123
Housing Choice Vouchers,13159,Jasper County,21,62,14,34
Summary of All HUD Programs,13161,Jeff Davis County,142,95,135,319
Public Housing,13161,Jeff Davis County,128,98,126,308
Housing Choice Vouchers,13161,Jeff Davis County,14,-4,-4,-4
Summary of All HUD Programs,13163,Jefferson County,170,98,167,383
Public Housing,13163,Jefferson County,165,99,164,378
Housing Choice Vouchers,13163,Jefferson County,5,-4,-4,-4
Summary of All HUD Programs,13165,Jenkins County,92,94,87,173
Public Housing,13165,Jenkins County,86,97,83,168
Housing Choice Vouchers,13165,Jenkins County,6,-4,-4,-4
Summary of All HUD Programs,13167,Johnson County,108,98,105,194
Public Housing,13167,Johnson County,105,99,103,192
Housing Choice Vouchers,13167,Johnson County,3,-4,-4,-4
Summary of All HUD Programs,13169,Jones County,99,73,82,210
Housing Choice Vouchers,13169,Jones County,43,64,29,67
Project Based Section 8,13169,Jones County,56,79,53,143
Summary of All HUD Programs,13171,Lamar County,215,86,192,378
Public Housing,13171,Lamar County,132,95,125,283
Housing Choice Vouchers,13171,Lamar County,11,-4,-4,-4
Project Based Section 8,13171,Lamar County,72,72,60,83
Summary of All HUD Programs,13173,Lanier County,43,80,35,82
Public Housing,13173,Lanier County,20,100,20,40
Housing Choice Vouchers,13173,Lanier County,23,62,15,42
Summary of All HUD Programs,13175,Laurens County,924,89,821,1639
Public Housing,13175,Laurens County,539,96,517,1052
Housing Choice Vouchers,13175,Laurens County,153,62,100,172
Project Based Section 8,13175,Laurens County,217,92,193,404
811/PRAC,13175,Laurens County,15,73,11,11
Summary of All HUD Programs,13177,Lee County,116,82,98,258
Housing Choice Vouchers,13177,Lee County,35,62,23,58
Project Based Section 8,13177,Lee County,81,90,75,200
Summary of All HUD Programs,13179,Liberty County,840,81,698,1765
Housing Choice Vouchers,13179,Liberty County,211,62,138,398
Project Based Section 8,13179,Liberty County,629,87,560,1367
Summary of All HUD Programs,13181,Lincoln County,65,97,63,114
Public Housing,13181,Lincoln County,60,100,60,109
Housing Choice Vouchers,13181,Lincoln County,5,-4,-4,-4
Summary of All HUD Programs,13183,Long County,5,-4,-4,-4
Housing Choice Vouchers,13183,Long County,5,-4,-4,-4
Summary of All HUD Programs,13185,Lowndes County,1761,78,1429,3648
Public Housing,13185,Lowndes County,547,94,516,1390
Housing Choice Vouchers,13185,Lowndes County,729,62,477,1366
Project Based Section 8,13185,Lowndes County,420,84,375,830
202/PRAC,13185,Lowndes County,60,92,56,56
811/PRAC,13185,Lowndes County,5,-4,-4,-4
Summary of All HUD Programs,13187,Lumpkin County,38,76,28,60
Public Housing,13187,Lumpkin County,30,80,23,49
Housing Choice Vouchers,13187,Lumpkin County,8,-4,-4,-4
Summary of All HUD Programs,13189,McDuffie County,358,83,302,743
Public Housing,13189,McDuffie County,200,99,197,528
Housing Choice Vouchers,13189,McDuffie County,148,62,97,206
Project Based Section 8,13189,McDuffie County,1,-4,-4,-4
811/PRAC,13189,McDuffie County,8,-4,-4,-4
Summary of All HUD Programs,13191,McIntosh County,6,-4,-4,-4
Housing Choice Vouchers,13191,McIntosh County,6,-4,-4,-4
Summary of All HUD Programs,13193,Macon County,276,89,247,543
Public Housing,13193,Macon County,238,89,213,506
Housing Choice Vouchers,13193,Macon County,5,-4,-4,-4
202/PRAC,13193,Macon County,32,91,30,31
811/PRAC,13193,Macon County,1,-4,-4,-4
Summary of All HUD Programs,13195,Madison County,86,88,76,185
Public Housing,13195,Madison County,60,98,59,155
Housing Choice Vouchers,13195,Madison County,24,62,16,29
202/PRAC,13195,Madison County,1,-4,-4,-4
Summary of All HUD Programs,13197,Marion County,99,87,87,217
Public Housing,13197,Marion County,79,94,74,191
Housing Choice Vouchers,13197,Marion County,20,62,13,26
Summary of All HUD Programs,13199,Meriwether County,156,93,146,359
Public Housing,13199,Meriwether County,141,96,136,336
Housing Choice Vouchers,13199,Meriwether County,15,-4,-4,-4
Summary of All HUD Programs,13201,Miller County,95,98,93,171
Public Housing,13201,Miller County,89,100,89,164
Housing Choice Vouchers,13201,Miller County,6,-4,-4,-4
Summary of All HUD Programs,13205,Mitchell County,655,86,579,1298
Public Housing,13205,Mitchell County,468,99,462,1032
Housing Choice Vouchers,13205,Mitchell County,38,62,25,63
Project Based Section 8,13205,Mitchell County,150,53,92,203
Summary of All HUD Programs,13207,Monroe County,176,94,161,358
Housing Choice Vouchers,13207,Monroe County,6,-4,-4,-4
Project Based Section 8,13207,Monroe County,170,95,157,352
Summary of All HUD Programs,13209,Montgomery County,41,92,32,64
Public Housing,13209,Montgomery County,35,97,28,59
Housing Choice Vouchers,13209,Montgomery County,6,-4,-4,-4
Summary of All HUD Programs,13211,Morgan County,133,90,121,287
Public Housing,13211,Morgan County,99,100,99,236
Housing Choice Vouchers,13211,Morgan County,34,62,22,51
Summary of All HUD Programs,13213,Murray County,71,98,70,136
Public Housing,13213,Murray County,68,100,68,134
Housing Choice Vouchers,13213,Murray County,3,-4,-4,-4
Summary of All HUD Programs,13215,Muscogee County,5386,77,4336,9447
Public Housing,13215,Muscogee County,430,82,351,841
Housing Choice Vouchers,13215,Muscogee County,3969,74,3054,7270
Mod Rehab,13215,Muscogee County,60,123,55,55
Project Based Section 8,13215,Muscogee County,804,81,759,1163
202/PRAC,13215,Muscogee County,122,95,116,117
811/PRAC,13215,Muscogee County,1,-4,-4,-4
Summary of All HUD Programs,13217,Newton County,1544,69,1086,3031
Housing Choice Vouchers,13217,Newton County,1152,62,754,2385
Project Based Section 8,13217,Newton County,391,89,331,645
202/PRAC,13217,Newton County,1,-4,-4,-4
Summary of All HUD Programs,13219,Oconee County,10,-4,-4,-4
Housing Choice Vouchers,13219,Oconee County,9,-4,-4,-4
202/PRAC,13219,Oconee County,1,-4,-4,-4
Summary of All HUD Programs,13221,Oglethorpe County,12,-4,-4,-4
Housing Choice Vouchers,13221,Oglethorpe County,11,-4,-4,-4
202/PRAC,13221,Oglethorpe County,1,-4,-4,-4
Summary of All HUD Programs,13223,Paulding County,585,75,450,1248
Housing Choice Vouchers,13223,Paulding County,361,62,237,813
Project Based Section 8,13223,Paulding County,223,95,211,433
202/PRAC,13223,Paulding County,2,-4,-4,-4
Summary of All HUD Programs,13225,Peach County,530,81,443,956
Public Housing,13225,Peach County,132,98,129,297
Housing Choice Vouchers,13225,Peach County,121,62,79,149
Project Based Section 8,13225,Peach County,277,81,235,510
Summary of All HUD Programs,13227,Pickens County,156,88,144,262
Housing Choice Vouchers,13227,Pickens County,3,-4,-4,-4
Project Based Section 8,13227,Pickens County,153,89,142,253
Summary of All HUD Programs,13229,Pierce County,128,97,123,204
Public Housing,13229,Pierce County,56,98,55,128
Housing Choice Vouchers,13229,Pierce County,8,-4,-4,-4
Project Based Section 8,13229,Pierce County,64,99,63,65
Summary of All HUD Programs,13231,Pike County,5,-4,-4,-4
Housing Choice Vouchers,13231,Pike County,5,-4,-4,-4
Summary of All HUD Programs,13233,Polk County,514,79,352,644
Public Housing,13233,Polk County,106,73,38,89
Housing Choice Vouchers,13233,Polk County,126,70,64,110
Project Based Section 8,13233,Polk County,234,84,203,397
202/PRAC,13233,Polk County,48,98,47,48
Summary of All HUD Programs,13235,Pulaski County,124,80,100,232
Housing Choice Vouchers,13235,Pulaski County,58,62,38,146
Project Based Section 8,13235,Pulaski County,66,95,62,86
Summary of All HUD Programs,13237,Putnam County,172,86,157,350
Housing Choice Vouchers,13237,Putnam County,8,-4,-4,-4
Project Based Section 8,13237,Putnam County,164,88,152,339
Summary of All HUD Programs,13239,Quitman County,6,-4,-4,-4
Housing Choice Vouchers,13239,Quitman County,6,-4,-4,-4
Summary of All HUD Programs,13241,Rabun County,98,97,95,161
Public Housing,13241,Rabun County,98,97,95,161
Summary of All HUD Programs,13243,Randolph County,244,89,222,488
Public Housing,13243,Randolph County,142,99,141,365
Housing Choice Vouchers,13243,Randolph County,31,62,20,57
Project Based Section 8,13243,Randolph County,53,75,43,47
202/PRAC,13243,Randolph County,18,97,18,19
Summary of All HUD Programs,13245,Richmond County,7823,81,6605,16075
Public Housing,13245,Richmond County,1891,81,1526,3447
Housing Choice Vouchers,13245,Richmond County,4439,78,3706,10304
Project Based Section 8,13245,Richmond County,1295,89,1182,2117
202/PRAC,13245,Richmond County,109,97,108,112
811/PRAC,13245,Richmond County,89,94,83,95
Summary of All HUD Programs,13247,Rockdale County,895,73,678,1723
Public Housing,13247,Rockdale County,106,86,91,214
Housing Choice Vouchers,13247,Rockdale County,548,62,359,1090
Project Based Section 8,13247,Rockdale County,241,92,228,419
Summary of All HUD Programs,13249,Schley County,40,98,39,89
Public Housing,13249,Schley County,40,98,39,89
Summary of All HUD Programs,13251,Screven County,95,95,90,179
Public Housing,13251,Screven County,92,96,88,176
Housing Choice Vouchers,13251,Screven County,3,-4,-4,-4
Summary of All HUD Programs,13253,Seminole County,12,-4,-4,-4
Housing Choice Vouchers,13253,Seminole County,12,-4,-4,-4
Summary of All HUD Programs,13255,Spalding County,1265,78,1022,2180
Housing Choice Vouchers,13255,Spalding County,474,62,310,674
Project Based Section 8,13255,Spalding County,790,88,710,1504
811/PRAC,13255,Spalding County,2,-4,-4,-4
Summary of All HUD Programs,13257,Stephens County,488,92,454,815
Housing Choice Vouchers,13257,Stephens County,6,-4,-4,-4
Project Based Section 8,13257,Stephens County,482,93,450,806
Summary of All HUD Programs,13259,Stewart County,72,94,62,117
Public Housing,13259,Stewart County,70,94,61,115
Housing Choice Vouchers,13259,Stewart County,2,-4,-4,-4
Summary of All HUD Programs,13261,Sumter County,1434,90,1254,2928
Housing Choice Vouchers,13261,Sumter County,716,91,634,1558
Project Based Section 8,13261,Sumter County,696,88,600,1347
202/PRAC,13261,Sumter County,21,100,20,23
Summary of All HUD Programs,13263,Talbot County,59,97,57,137
Public Housing,13263,Talbot County,54,100,54,131
Housing Choice Vouchers,13263,Talbot County,5,-4,-4,-4
Summary of All HUD Programs,13265,Taliaferro County,16,90,14,21
Public Housing,13265,Taliaferro County,14,93,13,19
Housing Choice Vouchers,13265,Taliaferro County,2,-4,-4,-4
Summary of All HUD Programs,13267,Tattnall County,340,96,326,727
Public Housing,13267,Tattnall County,319,97,309,706
Housing Choice Vouchers,13267,Tattnall County,5,-4,-4,-4
Project Based Section 8,13267,Tattnall County,5,-4,-4,-4
811/PRAC,13267,Tattnall County,12,98,11,12
Summary of All HUD Programs,13269,Taylor County,162,85,137,257
Public Housing,13269,Taylor County,107,89,95,202
Housing Choice Vouchers,13269,Taylor County,27,62,18,31
202/PRAC,13269,Taylor County,27,90,23,23
811/PRAC,13269,Taylor County,1,-4,-4,-4
Summary of All HUD Programs,13271,Telfair County,134,92,123,299
Public Housing,13271,Telfair County,87,93,81,215
Housing Choice Vouchers,13271,Telfair County,11,-4,-4,-4
Project Based Section 8,13271,Telfair County,36,97,35,74
Summary of All HUD Programs,13273,Terrell County,197,87,174,439
Public Housing,13273,Terrell County,116,98,113,292
Housing Choice Vouchers,13273,Terrell County,61,62,40,109
Project Based Section 8,13273,Terrell County,20,97,21,38
Summary of All HUD Programs,13275,Thomas County,786,91,700,1552
Public Housing,13275,Thomas County,360,99,358,797
Housing Choice Vouchers,13275,Thomas County,79,62,52,128
Project Based Section 8,13275,Thomas County,317,90,261,588
811/PRAC,13275,Thomas County,29,94,29,39
Summary of All HUD Programs,13277,Tift County,696,92,662,1400
Public Housing,13277,Tift County,337,96,324,773
Housing Choice Vouchers,13277,Tift County,72,62,47,90
Project Based Section 8,13277,Tift County,249,95,254,500
202/PRAC,13277,Tift County,34,98,33,33
811/PRAC,13277,Tift County,4,-4,-4,-4
Summary of All HUD Programs,13279,Toombs County,423,90,400,883
Public Housing,13279,Toombs County,240,95,228,467
Housing Choice Vouchers,13279,Toombs County,21,62,14,29
Project Based Section 8,13279,Toombs County,151,87,152,381
811/PRAC,13279,Toombs County,10,-4,-4,-4
Summary of All HUD Programs,13281,Towns County,5,-4,-4,-4
Housing Choice Vouchers,13281,Towns County,5,-4,-4,-4
Summary of All HUD Programs,13283,Treutlen County,122,95,116,215
Public Housing,13283,Treutlen County,120,96,115,212
Housing Choice Vouchers,13283,Treutlen County,2,-4,-4,-4
Summary of All HUD Programs,13285,Troup County,1193,83,1039,2251
Public Housing,13285,Troup County,365,90,326,748
Housing Choice Vouchers,13285,Troup County,98,62,64,121
Project Based Section 8,13285,Troup County,702,82,621,1354
202/PRAC,13285,Troup County,28,85,28,28
Summary of All HUD Programs,13287,Turner County,194,95,184,374
Public Housing,13287,Turner County,168,97,163,335
Housing Choice Vouchers,13287,Turner County,14,-4,-4,-4
Project Based Section 8,13287,Turner County,2,-4,-4,-4
811/PRAC,13287,Turner County,10,-4,-4,-4
Summary of All HUD Programs,13289,Twiggs County,3,-4,-4,-4
Housing Choice Vouchers,13289,Twiggs County,3,-4,-4,-4
Summary of All HUD Programs,13291,Union County,146,96,142,155
Housing Choice Vouchers,13291,Union County,8,-4,-4,-4
Project Based Section 8,13291,Union County,138,98,137,148
Summary of All HUD Programs,13293,Upson County,568,93,546,1141
Public Housing,13293,Upson County,288,98,283,575
Housing Choice Vouchers,13293,Upson County,38,62,25,42
Project Based Section 8,13293,Upson County,235,91,231,517
811/PRAC,13293,Upson County,7,-4,-4,-4
Summary of All HUD Programs,13295,Walker County,451,92,418,770
Public Housing,13295,Walker County,259,100,258,479
Housing Choice Vouchers,13295,Walker County,61,62,40,63
Project Based Section 8,13295,Walker County,110,90,101,208
811/PRAC,13295,Walker County,21,95,19,20
Summary of All HUD Programs,13297,Walton County,847,84,732,1578
Public Housing,13297,Walton County,419,100,417,894
Housing Choice Vouchers,13297,Walton County,327,62,214,539
Project Based Section 8,13297,Walton County,100,93,100,144
202/PRAC,13297,Walton County,1,-4,-4,-4
Summary of All HUD Programs,13299,Ware County,686,87,598,1209
Public Housing,13299,Ware County,361,95,342,708
Housing Choice Vouchers,13299,Ware County,121,62,79,196
Project Based Section 8,13299,Ware County,132,83,108,234
202/PRAC,13299,Ware County,46,100,47,47
811/PRAC,13299,Ware County,26,91,22,24
Summary of All HUD Programs,13301,Warren County,114,93,105,290
Public Housing,13301,Warren County,100,97,96,273
Housing Choice Vouchers,13301,Warren County,14,-4,-4,-4
Summary of All HUD Programs,13303,Washington County,325,96,316,778
Public Housing,13303,Washington County,214,97,208,525
Housing Choice Vouchers,13303,Washington County,9,-4,-4,-4
Project Based Section 8,13303,Washington County,102,98,102,246
Summary of All HUD Programs,13305,Wayne County,321,86,301,726
Housing Choice Vouchers,13305,Wayne County,8,-4,-4,-4
Project Based Section 8,13305,Wayne County,303,87,289,710
811/PRAC,13305,Wayne County,10,-4,-4,-4
Summary of All HUD Programs,13307,Webster County,2,-4,-4,-4
Housing Choice Vouchers,13307,Webster County,2,-4,-4,-4
Summary of All HUD Programs,13309,Wheeler County,88,94,82,203
Public Housing,13309,Wheeler County,86,94,81,202
Housing Choice Vouchers,13309,Wheeler County,2,-4,-4,-4
Summary of All HUD Programs,13311,White County,75,83,63,135
Housing Choice Vouchers,13311,White County,6,-4,-4,-4
Project Based Section 8,13311,White County,69,85,59,129
Summary of All HUD Programs,13313,Whitfield County,299,88,259,459
Housing Choice Vouchers,13313,Whitfield County,9,-4,-4,-4
Project Based Section 8,13313,Whitfield County,242,86,207,400
202/PRAC,13313,Whitfield County,48,98,46,50
Summary of All HUD Programs,13315,Wilcox County,30,98,29,66
Public Housing,13315,Wilcox County,28,100,28,65
Housing Choice Vouchers,13315,Wilcox County,2,-4,-4,-4
Summary of All HUD Programs,13317,Wilkes County,214,89,187,386
Public Housing,13317,Wilkes County,119,91,104,213
Housing Choice Vouchers,13317,Wilkes County,14,-4,-4,-4
Project Based Section 8,13317,Wilkes County,81,92,74,155
Summary of All HUD Programs,13319,Wilkinson County,93,88,84,206
Housing Choice Vouchers,13319,Wilkinson County,9,-4,-4,-4
Project Based Section 8,13319,Wilkinson County,84,91,78,192
Summary of All HUD Programs,13321,Worth County,301,67,218,512
Housing Choice Vouchers,13321,Worth County,44,62,29,68
Project Based Section 8,13321,Worth County,257,68,189,444
Summary of All HUD Programs,13XXX,"Missing, Georgia",529,69,397,1138
Public Housing,13XXX,"Missing, Georgia",10,-4,-4,-4
Housing Choice Vouchers,13XXX,"Missing, Georgia",460,66,330,988
Project Based Section 8,13XXX,"Missing, Georgia",58,87,56,125
811/PRAC,13XXX,"Missing, Georgia",1,-4,-4,-4
